{
  "accuracy": 0.7272727272727273,
  "precision": 0.6428571428571429,
  "recall": 0.5,
  "f1": 0.5625,
  "roc_auc": 0.6749999999999999
}